iteration,agent_0,adversary_0
0,-16.905697,1.200000
1,-8.278296,0.400000
2,-4.265525,1.600000
3,-2.743992,0.000000
4,-3.373752,1.400000
